Workbook

Sheet PARAMETROS
A1: PARÁMETROS DEL CONTROL DE ASISTENCIA
A2: REGIONAL | B2: CUNDINAMARCA
A3: CENTRO | B3: CENTRO DE BIOTECNOLOGÍA AGROPECUARIA
A4: FICHA | B4: (NÚMERO DE FICHA)
A5: PROGRAMA DE FORMACIÓN | B5: (NOMBRE DEL PROGRAMA)
A6: COMPETENCIA | B6: (COMPETENCIA)
A7: CÓDIGO COMPETENCIA | B7: (CÓDIGO)
A8: INSTRUCTOR | B8: CARLOS JOSÉ GREGORIO CONTRERAS VIVAS
A9: DOCUMENTO INSTRUCTOR | B9: 11440593
A10: CORREO INSTRUCTOR | B10: cgcontreras@sena.edu.co
A11: JORNADA | B11: MIXTA
A12: LUGAR | B12: CBA
A13: NOTA MÍNIMA APROBACIÓN | B13: 7
A14: RETARDOS PARA LLAMADO DE ATENCIÓN | B14: 2
A15: PROCESAR EN AUTOMATIZACIÓN | B15: NO
A16: COORDINADOR ACADÉMICO | B16: NATALIA PALACIOS CASTAÑEDA
A17: GENERAR ACTA DE ENTREGA | B17: NO
A18: NOMENCLATURA Y REGLAS (Acuerdo 009 de 2024 - debido proceso)
A19: X | B19: Asiste
A20: 0 | B20: Falla injustificada → motivo de medida
A21: E | B21: Falla con excusa justificada (Art. 28) → NO genera medida
A22: R | B22: Retardo: cada 2 retardos acumulados = 1 motivo de medida (Art. 8, num. 5)
A23: Nota 7 a 10 | B23: Evidencia aprobada
A24: Nota 1 a 6.9 | B24: No superó la evidencia → motivo de medida
A25: Sin nota habiendo asistido (X o R) | B25: Evidencia no presentada en Classroom → motivo de medida
A26: MOTIVO | B26: Máximo 1 por sesión (retardos se acumulan por pares). Todos los motivos del periodo van en UNA sola acta
A27: ESCALAMIENTO (Art. 46) | B27: 1er llamado → 2do llamado con orientaciones → plan de mejoramiento → comité. Lo controla el generador de actas (registro)
A28: HOJA ALERTAS | B28: Es una vista informativa SIN filtro de periodo. La decisión final la calcula el generador desde ASISTENCIA y NOTAS
A29: ESTADOS DEL APRENDIZ | B29: Lista desplegable en APRENDICES columna E. SOLO 'EN FORMACIÓN' recibe llamados de atención; el generador omite todos los demás estados.
A30: COLORES POR ESTADO | B30: En ASISTENCIA, NOTAS y ALERTAS: ROJO = EN PROCESO DE DESERCIÓN · AZUL = CANCELADO, TRASLADADO, APLAZADO · NARANJA = CONDICIONADO, REPORTADO A COMITÉ, RETIRO VOLUNTARIO · NEGRO = EN FORMACIÓN (aprendiz activo).
A31: EVALUADO EN SOFIA (columna F) | B31: SI / NO. Lo usa el acta de entrega de ficha para separar aprendices evaluados de no evaluados.
A32: NOVEDAD (columna G) | B32: Texto libre. Se anexa a la causa de no evaluación en el acta de entrega y alimenta el borrador de novedades del acta de equipo ejecutor.

Sheet APRENDICES
A1: No. | B1: DOCUMENTO | C1: APELLIDOS Y NOMBRES | D1: CORREO ELECTRÓNICO | E1: ESTADO | F1: EVALUADO EN SOFIA (SI/NO) | G1: NOVEDAD
A2: 1
A3: 2
A4: 3
A5: 4
A6: 5
A7: 6
A8: 7
A9: 8
A10: 9
A11: 10
A12: 11
A13: 12
... A41: 40

Sheet ASISTENCIA
A1: No. | B1: DOCUMENTO | C1: APELLIDOS Y NOMBRES
A2: =APRENDICES!A2 -> 1 | B2: =APRENDICES!B2 -> 0 | C2: =APRENDICES!C2 -> 0
A3: =APRENDICES!A3 -> 2 | B3: =APRENDICES!B3 -> 0 | C3: =APRENDICES!C3 -> 0
A4: =APRENDICES!A4 -> 3 | B4: =APRENDICES!B4 -> 0 | C4: =APRENDICES!C4 -> 0
A5: =APRENDICES!A5 -> 4 | B5: =APRENDICES!B5 -> 0 | C5: =APRENDICES!C5 -> 0
A6: =APRENDICES!A6 -> 5 | B6: =APRENDICES!B6 -> 0 | C6: =APRENDICES!C6 -> 0
A7: =APRENDICES!A7 -> 6 | B7: =APRENDICES!B7 -> 0 | C7: =APRENDICES!C7 -> 0
A8: =APRENDICES!A8 -> 7 | B8: =APRENDICES!B8 -> 0 | C8: =APRENDICES!C8 -> 0
A9: =APRENDICES!A9 -> 8 | B9: =APRENDICES!B9 -> 0 | C9: =APRENDICES!C9 -> 0
A10: =APRENDICES!A10 -> 9 | B10: =APRENDICES!B10 -> 0 | C10: =APRENDICES!C10 -> 0
A11: =APRENDICES!A11 -> 10 | B11: =APRENDICES!B11 -> 0 | C11: =APRENDICES!C11 -> 0
A12: =APRENDICES!A12 -> 11 | B12: =APRENDICES!B12 -> 0 | C12: =APRENDICES!C12 -> 0
A13: =APRENDICES!A13 -> 12 | B13: =APRENDICES!B13 -> 0 | C13: =APRENDICES!C13 -> 0
... A41: =APRENDICES!A41 -> 40 | B41: =APRENDICES!B41 -> 0 | C41: =APRENDICES!C41 -> 0

Sheet NOTAS
A1: No. | B1: DOCUMENTO | C1: APELLIDOS Y NOMBRES
A2: =APRENDICES!A2 -> 1 | B2: =APRENDICES!B2 -> 0 | C2: =APRENDICES!C2 -> 0
A3: =APRENDICES!A3 -> 2 | B3: =APRENDICES!B3 -> 0 | C3: =APRENDICES!C3 -> 0
A4: =APRENDICES!A4 -> 3 | B4: =APRENDICES!B4 -> 0 | C4: =APRENDICES!C4 -> 0
A5: =APRENDICES!A5 -> 4 | B5: =APRENDICES!B5 -> 0 | C5: =APRENDICES!C5 -> 0
A6: =APRENDICES!A6 -> 5 | B6: =APRENDICES!B6 -> 0 | C6: =APRENDICES!C6 -> 0
A7: =APRENDICES!A7 -> 6 | B7: =APRENDICES!B7 -> 0 | C7: =APRENDICES!C7 -> 0
A8: =APRENDICES!A8 -> 7 | B8: =APRENDICES!B8 -> 0 | C8: =APRENDICES!C8 -> 0
A9: =APRENDICES!A9 -> 8 | B9: =APRENDICES!B9 -> 0 | C9: =APRENDICES!C9 -> 0
A10: =APRENDICES!A10 -> 9 | B10: =APRENDICES!B10 -> 0 | C10: =APRENDICES!C10 -> 0
A11: =APRENDICES!A11 -> 10 | B11: =APRENDICES!B11 -> 0 | C11: =APRENDICES!C11 -> 0
A12: =APRENDICES!A12 -> 11 | B12: =APRENDICES!B12 -> 0 | C12: =APRENDICES!C12 -> 0
A13: =APRENDICES!A13 -> 12 | B13: =APRENDICES!B13 -> 0 | C13: =APRENDICES!C13 -> 0
... A41: =APRENDICES!A41 -> 40 | B41: =APRENDICES!B41 -> 0 | C41: =APRENDICES!C41 -> 0

Sheet ALERTAS
A1: No. | B1: DOCUMENTO | C1: APELLIDOS Y NOMBRES | D1: CORREO | E1: ASISTENCIAS (X) | F1: FALLAS INJUSTIFICADAS (0) | G1: FALLAS CON EXCUSA (E) | H1: RETARDOS (R) | I1: EVIDENCIAS NO PRESENTADAS | J1: EVIDENCIAS CON NOTA BAJA (1 a <7) | K1: SESIONES CON MOTIVO | L1: MOTIVOS TOTALES (incluye pares de retardos) | M1: REQUIERE MEDIDA | N1: ACCIÓN | O1: FECHAS DE SESIONES CON MOTIVO
A2: =APRENDICES!A2 -> 1 | B2: =APRENDICES!B2 -> 0 | C2: =APRENDICES!C2 -> 0 | D2: =APRENDICES!D2 -> 0 | E2: =COUNTIF(ASISTENCIA!D2:W2,"X") -> 0 | F2: =COUNTIF(ASISTENCIA!D2:W2,0) -> 0 | G2: =COUNTIF(ASISTENCIA!D2:W2,"E") -> 0 | H2: =COUNTIF(ASISTENCIA!D2:W2,"R") -> 0 | I2: =SUMPRODUCT((((((ASISTENCIA!D2:W2)="X")+((ASISTENCIA!D2:W2)="R")))*((NOTAS!$D$1:$W$1)<>"")*((NOTAS!D2:W2)=""))) -> 0 | J2: =SUMPRODUCT((ISNUMBER(NOTAS!D2:W2)*((NOTAS!D2:W2)>=1)*((NOTAS!D2:W2)<PARAMETROS!$B$13))) -> 0 | K2: =SUMPRODUCT(--((((((ASISTENCIA!D2:W2)<>"")*((ASISTENCIA!D2:W2)=0)))+((((((ASISTENCIA!D2:W2)="X")+((ASISTENCIA!D2:W2)="R")))*((NOTAS!$D$1:$W$1)<>"")*((NOTAS!D2:W2)="")))+((ISNUMBER(NOTAS!D2:W2)*((NOTAS!D2:W2)>=1)*((NOTAS!D2:W2)<PARAMETROS!$B$13))))>0)) -> 0 | L2: =K2+INT(H2/PARAMETROS!$B$14) -> 0 | M2: =IF(L2>0,"SI","NO") -> NO | N2: =IF(L2>0,"GENERAR ACTA (tipo según registro del generador)","SIN NOVEDAD") -> SIN NOVEDAD | O2: {=_xlfn.TEXTJOIN(", ",TRUE(),IF(((((((ASISTENCIA!D2:W2)<>"")*((ASISTENCIA!D2:W2)=0)))+((((((ASISTENCIA!D2:W2)="X")+((ASISTENCIA!D2:W2)="R")))*((NOTAS!$D$1:$W$1)<>"")*((NOTAS!D2:W2)="")))+((ISNUMBER(NOTAS!D2:W2)*((NOTAS!D2:W2)>=1)*((NOTAS!D2:W2)<PARAMETROS!$B$13))))>0),TEXT(ASISTENCIA!$D$1:$W$1,"DD/MM/YYYY"),""))}
A3: =APRENDICES!A3 -> 2 | B3: =APRENDICES!B3 -> 0 | C3: =APRENDICES!C3 -> 0 | D3: =APRENDICES!D3 -> 0 | E3: =COUNTIF(ASISTENCIA!D3:W3,"X") -> 0 | F3: =COUNTIF(ASISTENCIA!D3:W3,0) -> 0 | G3: =COUNTIF(ASISTENCIA!D3:W3,"E") -> 0 | H3: =COUNTIF(ASISTENCIA!D3:W3,"R") -> 0 | I3: =SUMPRODUCT((((((ASISTENCIA!D3:W3)="X")+((ASISTENCIA!D3:W3)="R")))*((NOTAS!$D$1:$W$1)<>"")*((NOTAS!D3:W3)=""))) -> 0 | J3: =SUMPRODUCT((ISNUMBER(NOTAS!D3:W3)*((NOTAS!D3:W3)>=1)*((NOTAS!D3:W3)<PARAMETROS!$B$13))) -> 0 | K3: =SUMPRODUCT(--((((((ASISTENCIA!D3:W3)<>"")*((ASISTENCIA!D3:W3)=0)))+((((((ASISTENCIA!D3:W3)="X")+((ASISTENCIA!D3:W3)="R")))*((NOTAS!$D$1:$W$1)<>"")*((NOTAS!D3:W3)="")))+((ISNUMBER(NOTAS!D3:W3)*((NOTAS!D3:W3)>=1)*((NOTAS!D3:W3)<PARAMETROS!$B$13))))>0)) -> 0 | L3: =K3+INT(H3/PARAMETROS!$B$14) -> 0 | M3: =IF(L3>0,"SI","NO") -> NO | N3: =IF(L3>0,"GENERAR ACTA (tipo según registro del generador)","SIN NOVEDAD") -> SIN NOVEDAD | O3: {=_xlfn.TEXTJOIN(", ",TRUE(),IF(((((((ASISTENCIA!D3:W3)<>"")*((ASISTENCIA!D3:W3)=0)))+((((((ASISTENCIA!D3:W3)="X")+((ASISTENCIA!D3:W3)="R")))*((NOTAS!$D$1:$W$1)<>"")*((NOTAS!D3:W3)="")))+((ISNUMBER(NOTAS!D3:W3)*((NOTAS!D3:W3)>=1)*((NOTAS!D3:W3)<PARAMETROS!$B$13))))>0),TEXT(ASISTENCIA!$D$1:$W$1,"DD/MM/YYYY"),""))}
A4: =APRENDICES!A4 -> 3 | B4: =APRENDICES!B4 -> 0 | C4: =APRENDICES!C4 -> 0 | D4: =APRENDICES!D4 -> 0 | E4: =COUNTIF(ASISTENCIA!D4:W4,"X") -> 0 | F4: =COUNTIF(ASISTENCIA!D4:W4,0) -> 0 | G4: =COUNTIF(ASISTENCIA!D4:W4,"E") -> 0 | H4: =COUNTIF(ASISTENCIA!D4:W4,"R") -> 0 | I4: =SUMPRODUCT((((((ASISTENCIA!D4:W4)="X")+((ASISTENCIA!D4:W4)="R")))*((NOTAS!$D$1:$W$1)<>"")*((NOTAS!D4:W4)=""))) -> 0 | J4: =SUMPRODUCT((ISNUMBER(NOTAS!D4:W4)*((NOTAS!D4:W4)>=1)*((NOTAS!D4:W4)<PARAMETROS!$B$13))) -> 0 | K4: =SUMPRODUCT(--((((((ASISTENCIA!D4:W4)<>"")*((ASISTENCIA!D4:W4)=0)))+((((((ASISTENCIA!D4:W4)="X")+((ASISTENCIA!D4:W4)="R")))*((NOTAS!$D$1:$W$1)<>"")*((NOTAS!D4:W4)="")))+((ISNUMBER(NOTAS!D4:W4)*((NOTAS!D4:W4)>=1)*((NOTAS!D4:W4)<PARAMETROS!$B$13))))>0)) -> 0 | L4: =K4+INT(H4/PARAMETROS!$B$14) -> 0 | M4: =IF(L4>0,"SI","NO") -> NO | N4: =IF(L4>0,"GENERAR ACTA (tipo según registro del generador)","SIN NOVEDAD") -> SIN NOVEDAD | O4: {=_xlfn.TEXTJOIN(", ",TRUE(),IF(((((((ASISTENCIA!D4:W4)<>"")*((ASISTENCIA!D4:W4)=0)))+((((((ASISTENCIA!D4:W4)="X")+((ASISTENCIA!D4:W4)="R")))*((NOTAS!$D$1:$W$1)<>"")*((NOTAS!D4:W4)="")))+((ISNUMBER(NOTAS!D4:W4)*((NOTAS!D4:W4)>=1)*((NOTAS!D4:W4)<PARAMETROS!$B$13))))>0),TEXT(ASISTENCIA!$D$1:$W$1,"DD/MM/YYYY"),""))}
A5: =APRENDICES!A5 -> 4 | B5: =APRENDICES!B5 -> 0 | C5: =APRENDICES!C5 -> 0 | D5: =APRENDICES!D5 -> 0 | E5: =COUNTIF(ASISTENCIA!D5:W5,"X") -> 0 | F5: =COUNTIF(ASISTENCIA!D5:W5,0) -> 0 | G5: =COUNTIF(ASISTENCIA!D5:W5,"E") -> 0 | H5: =COUNTIF(ASISTENCIA!D5:W5,"R") -> 0 | I5: =SUMPRODUCT((((((ASISTENCIA!D5:W5)="X")+((ASISTENCIA!D5:W5)="R")))*((NOTAS!$D$1:$W$1)<>"")*((NOTAS!D5:W5)=""))) -> 0 | J5: =SUMPRODUCT((ISNUMBER(NOTAS!D5:W5)*((NOTAS!D5:W5)>=1)*((NOTAS!D5:W5)<PARAMETROS!$B$13))) -> 0 | K5: =SUMPRODUCT(--((((((ASISTENCIA!D5:W5)<>"")*((ASISTENCIA!D5:W5)=0)))+((((((ASISTENCIA!D5:W5)="X")+((ASISTENCIA!D5:W5)="R")))*((NOTAS!$D$1:$W$1)<>"")*((NOTAS!D5:W5)="")))+((ISNUMBER(NOTAS!D5:W5)*((NOTAS!D5:W5)>=1)*((NOTAS!D5:W5)<PARAMETROS!$B$13))))>0)) -> 0 | L5: =K5+INT(H5/PARAMETROS!$B$14) -> 0 | M5: =IF(L5>0,"SI","NO") -> NO | N5: =IF(L5>0,"GENERAR ACTA (tipo según registro del generador)","SIN NOVEDAD") -> SIN NOVEDAD | O5: {=_xlfn.TEXTJOIN(", ",TRUE(),IF(((((((ASISTENCIA!D5:W5)<>"")*((ASISTENCIA!D5:W5)=0)))+((((((ASISTENCIA!D5:W5)="X")+((ASISTENCIA!D5:W5)="R")))*((NOTAS!$D$1:$W$1)<>"")*((NOTAS!D5:W5)="")))+((ISNUMBER(NOTAS!D5:W5)*((NOTAS!D5:W5)>=1)*((NOTAS!D5:W5)<PARAMETROS!$B$13))))>0),TEXT(ASISTENCIA!$D$1:$W$1,"DD/MM/YYYY"),""))}
A6: =APRENDICES!A6 -> 5 | B6: =APRENDICES!B6 -> 0 | C6: =APRENDICES!C6 -> 0 | D6: =APRENDICES!D6 -> 0 | E6: =COUNTIF(ASISTENCIA!D6:W6,"X") -> 0 | F6: =COUNTIF(ASISTENCIA!D6:W6,0) -> 0 | G6: =COUNTIF(ASISTENCIA!D6:W6,"E") -> 0 | H6: =COUNTIF(ASISTENCIA!D6:W6,"R") -> 0 | I6: =SUMPRODUCT((((((ASISTENCIA!D6:W6)="X")+((ASISTENCIA!D6:W6)="R")))*((NOTAS!$D$1:$W$1)<>"")*((NOTAS!D6:W6)=""))) -> 0 | J6: =SUMPRODUCT((ISNUMBER(NOTAS!D6:W6)*((NOTAS!D6:W6)>=1)*((NOTAS!D6:W6)<PARAMETROS!$B$13))) -> 0 | K6: =SUMPRODUCT(--((((((ASISTENCIA!D6:W6)<>"")*((ASISTENCIA!D6:W6)=0)))+((((((ASISTENCIA!D6:W6)="X")+((ASISTENCIA!D6:W6)="R")))*((NOTAS!$D$1:$W$1)<>"")*((NOTAS!D6:W6)="")))+((ISNUMBER(NOTAS!D6:W6)*((NOTAS!D6:W6)>=1)*((NOTAS!D6:W6)<PARAMETROS!$B$13))))>0)) -> 0 | L6: =K6+INT(H6/PARAMETROS!$B$14) -> 0 | M6: =IF(L6>0,"SI","NO") -> NO | N6: =IF(L6>0,"GENERAR ACTA (tipo según registro del generador)","SIN NOVEDAD") -> SIN NOVEDAD | O6: {=_xlfn.TEXTJOIN(", ",TRUE(),IF(((((((ASISTENCIA!D6:W6)<>"")*((ASISTENCIA!D6:W6)=0)))+((((((ASISTENCIA!D6:W6)="X")+((ASISTENCIA!D6:W6)="R")))*((NOTAS!$D$1:$W$1)<>"")*((NOTAS!D6:W6)="")))+((ISNUMBER(NOTAS!D6:W6)*((NOTAS!D6:W6)>=1)*((NOTAS!D6:W6)<PARAMETROS!$B$13))))>0),TEXT(ASISTENCIA!$D$1:$W$1,"DD/MM/YYYY"),""))}
A7: =APRENDICES!A7 -> 6 | B7: =APRENDICES!B7 -> 0 | C7: =APRENDICES!C7 -> 0 | D7: =APRENDICES!D7 -> 0 | E7: =COUNTIF(ASISTENCIA!D7:W7,"X") -> 0 | F7: =COUNTIF(ASISTENCIA!D7:W7,0) -> 0 | G7: =COUNTIF(ASISTENCIA!D7:W7,"E") -> 0 | H7: =COUNTIF(ASISTENCIA!D7:W7,"R") -> 0 | I7: =SUMPRODUCT((((((ASISTENCIA!D7:W7)="X")+((ASISTENCIA!D7:W7)="R")))*((NOTAS!$D$1:$W$1)<>"")*((NOTAS!D7:W7)=""))) -> 0 | J7: =SUMPRODUCT((ISNUMBER(NOTAS!D7:W7)*((NOTAS!D7:W7)>=1)*((NOTAS!D7:W7)<PARAMETROS!$B$13))) -> 0 | K7: =SUMPRODUCT(--((((((ASISTENCIA!D7:W7)<>"")*((ASISTENCIA!D7:W7)=0)))+((((((ASISTENCIA!D7:W7)="X")+((ASISTENCIA!D7:W7)="R")))*((NOTAS!$D$1:$W$1)<>"")*((NOTAS!D7:W7)="")))+((ISNUMBER(NOTAS!D7:W7)*((NOTAS!D7:W7)>=1)*((NOTAS!D7:W7)<PARAMETROS!$B$13))))>0)) -> 0 | L7: =K7+INT(H7/PARAMETROS!$B$14) -> 0 | M7: =IF(L7>0,"SI","NO") -> NO | N7: =IF(L7>0,"GENERAR ACTA (tipo según registro del generador)","SIN NOVEDAD") -> SIN NOVEDAD | O7: {=_xlfn.TEXTJOIN(", ",TRUE(),IF(((((((ASISTENCIA!D7:W7)<>"")*((ASISTENCIA!D7:W7)=0)))+((((((ASISTENCIA!D7:W7)="X")+((ASISTENCIA!D7:W7)="R")))*((NOTAS!$D$1:$W$1)<>"")*((NOTAS!D7:W7)="")))+((ISNUMBER(NOTAS!D7:W7)*((NOTAS!D7:W7)>=1)*((NOTAS!D7:W7)<PARAMETROS!$B$13))))>0),TEXT(ASISTENCIA!$D$1:$W$1,"DD/MM/YYYY"),""))}
A8: =APRENDICES!A8 -> 7 | B8: =APRENDICES!B8 -> 0 | C8: =APRENDICES!C8 -> 0 | D8: =APRENDICES!D8 -> 0 | E8: =COUNTIF(ASISTENCIA!D8:W8,"X") -> 0 | F8: =COUNTIF(ASISTENCIA!D8:W8,0) -> 0 | G8: =COUNTIF(ASISTENCIA!D8:W8,"E") -> 0 | H8: =COUNTIF(ASISTENCIA!D8:W8,"R") -> 0 | I8: =SUMPRODUCT((((((ASISTENCIA!D8:W8)="X")+((ASISTENCIA!D8:W8)="R")))*((NOTAS!$D$1:$W$1)<>"")*((NOTAS!D8:W8)=""))) -> 0 | J8: =SUMPRODUCT((ISNUMBER(NOTAS!D8:W8)*((NOTAS!D8:W8)>=1)*((NOTAS!D8:W8)<PARAMETROS!$B$13))) -> 0 | K8: =SUMPRODUCT(--((((((ASISTENCIA!D8:W8)<>"")*((ASISTENCIA!D8:W8)=0)))+((((((ASISTENCIA!D8:W8)="X")+((ASISTENCIA!D8:W8)="R")))*((NOTAS!$D$1:$W$1)<>"")*((NOTAS!D8:W8)="")))+((ISNUMBER(NOTAS!D8:W8)*((NOTAS!D8:W8)>=1)*((NOTAS!D8:W8)<PARAMETROS!$B$13))))>0)) -> 0 | L8: =K8+INT(H8/PARAMETROS!$B$14) -> 0 | M8: =IF(L8>0,"SI","NO") -> NO | N8: =IF(L8>0,"GENERAR ACTA (tipo según registro del generador)","SIN NOVEDAD") -> SIN NOVEDAD | O8: {=_xlfn.TEXTJOIN(", ",TRUE(),IF(((((((ASISTENCIA!D8:W8)<>"")*((ASISTENCIA!D8:W8)=0)))+((((((ASISTENCIA!D8:W8)="X")+((ASISTENCIA!D8:W8)="R")))*((NOTAS!$D$1:$W$1)<>"")*((NOTAS!D8:W8)="")))+((ISNUMBER(NOTAS!D8:W8)*((NOTAS!D8:W8)>=1)*((NOTAS!D8:W8)<PARAMETROS!$B$13))))>0),TEXT(ASISTENCIA!$D$1:$W$1,"DD/MM/YYYY"),""))}
A9: =APRENDICES!A9 -> 8 | B9: =APRENDICES!B9 -> 0 | C9: =APRENDICES!C9 -> 0 | D9: =APRENDICES!D9 -> 0 | E9: =COUNTIF(ASISTENCIA!D9:W9,"X") -> 0 | F9: =COUNTIF(ASISTENCIA!D9:W9,0) -> 0 | G9: =COUNTIF(ASISTENCIA!D9:W9,"E") -> 0 | H9: =COUNTIF(ASISTENCIA!D9:W9,"R") -> 0 | I9: =SUMPRODUCT((((((ASISTENCIA!D9:W9)="X")+((ASISTENCIA!D9:W9)="R")))*((NOTAS!$D$1:$W$1)<>"")*((NOTAS!D9:W9)=""))) -> 0 | J9: =SUMPRODUCT((ISNUMBER(NOTAS!D9:W9)*((NOTAS!D9:W9)>=1)*((NOTAS!D9:W9)<PARAMETROS!$B$13))) -> 0 | K9: =SUMPRODUCT(--((((((ASISTENCIA!D9:W9)<>"")*((ASISTENCIA!D9:W9)=0)))+((((((ASISTENCIA!D9:W9)="X")+((ASISTENCIA!D9:W9)="R")))*((NOTAS!$D$1:$W$1)<>"")*((NOTAS!D9:W9)="")))+((ISNUMBER(NOTAS!D9:W9)*((NOTAS!D9:W9)>=1)*((NOTAS!D9:W9)<PARAMETROS!$B$13))))>0)) -> 0 | L9: =K9+INT(H9/PARAMETROS!$B$14) -> 0 | M9: =IF(L9>0,"SI","NO") -> NO | N9: =IF(L9>0,"GENERAR ACTA (tipo según registro del generador)","SIN NOVEDAD") -> SIN NOVEDAD | O9: {=_xlfn.TEXTJOIN(", ",TRUE(),IF(((((((ASISTENCIA!D9:W9)<>"")*((ASISTENCIA!D9:W9)=0)))+((((((ASISTENCIA!D9:W9)="X")+((ASISTENCIA!D9:W9)="R")))*((NOTAS!$D$1:$W$1)<>"")*((NOTAS!D9:W9)="")))+((ISNUMBER(NOTAS!D9:W9)*((NOTAS!D9:W9)>=1)*((NOTAS!D9:W9)<PARAMETROS!$B$13))))>0),TEXT(ASISTENCIA!$D$1:$W$1,"DD/MM/YYYY"),""))}
A10: =APRENDICES!A10 -> 9 | B10: =APRENDICES!B10 -> 0 | C10: =APRENDICES!C10 -> 0 | D10: =APRENDICES!D10 -> 0 | E10: =COUNTIF(ASISTENCIA!D10:W10,"X") -> 0 | F10: =COUNTIF(ASISTENCIA!D10:W10,0) -> 0 | G10: =COUNTIF(ASISTENCIA!D10:W10,"E") -> 0 | H10: =COUNTIF(ASISTENCIA!D10:W10,"R") -> 0 | I10: =SUMPRODUCT((((((ASISTENCIA!D10:W10)="X")+((ASISTENCIA!D10:W10)="R")))*((NOTAS!$D$1:$W$1)<>"")*((NOTAS!D10:W10)=""))) -> 0 | J10: =SUMPRODUCT((ISNUMBER(NOTAS!D10:W10)*((NOTAS!D10:W10)>=1)*((NOTAS!D10:W10)<PARAMETROS!$B$13))) -> 0 | K10: =SUMPRODUCT(--((((((ASISTENCIA!D10:W10)<>"")*((ASISTENCIA!D10:W10)=0)))+((((((ASISTENCIA!D10:W10)="X")+((ASISTENCIA!D10:W10)="R")))*((NOTAS!$D$1:$W$1)<>"")*((NOTAS!D10:W10)="")))+((ISNUMBER(NOTAS!D10:W10)*((NOTAS!D10:W10)>=1)*((NOTAS!D10:W10)<PARAMETROS!$B$13))))>0)) -> 0 | L10: =K10+INT(H10/PARAMETROS!$B$14) -> 0 | M10: =IF(L10>0,"SI","NO") -> NO | N10: =IF(L10>0,"GENERAR ACTA (tipo según registro del generador)","SIN NOVEDAD") -> SIN NOVEDAD | O10: {=_xlfn.TEXTJOIN(", ",TRUE(),IF(((((((ASISTENCIA!D10:W10)<>"")*((ASISTENCIA!D10:W10)=0)))+((((((ASISTENCIA!D10:W10)="X")+((ASISTENCIA!D10:W10)="R")))*((NOTAS!$D$1:$W$1)<>"")*((NOTAS!D10:W10)="")))+((ISNUMBER(NOTAS!D10:W10)*((NOTAS!D10:W10)>=1)*((NOTAS!D10:W10)<PARAMETROS!$B$13))))>0),TEXT(ASISTENCIA!$D$1:$W$1,"DD/MM/YYYY"),""))}
A11: =APRENDICES!A11 -> 10 | B11: =APRENDICES!B11 -> 0 | C11: =APRENDICES!C11 -> 0 | D11: =APRENDICES!D11 -> 0 | E11: =COUNTIF(ASISTENCIA!D11:W11,"X") -> 0 | F11: =COUNTIF(ASISTENCIA!D11:W11,0) -> 0 | G11: =COUNTIF(ASISTENCIA!D11:W11,"E") -> 0 | H11: =COUNTIF(ASISTENCIA!D11:W11,"R") -> 0 | I11: =SUMPRODUCT((((((ASISTENCIA!D11:W11)="X")+((ASISTENCIA!D11:W11)="R")))*((NOTAS!$D$1:$W$1)<>"")*((NOTAS!D11:W11)=""))) -> 0 | J11: =SUMPRODUCT((ISNUMBER(NOTAS!D11:W11)*((NOTAS!D11:W11)>=1)*((NOTAS!D11:W11)<PARAMETROS!$B$13))) -> 0 | K11: =SUMPRODUCT(--((((((ASISTENCIA!D11:W11)<>"")*((ASISTENCIA!D11:W11)=0)))+((((((ASISTENCIA!D11:W11)="X")+((ASISTENCIA!D11:W11)="R")))*((NOTAS!$D$1:$W$1)<>"")*((NOTAS!D11:W11)="")))+((ISNUMBER(NOTAS!D11:W11)*((NOTAS!D11:W11)>=1)*((NOTAS!D11:W11)<PARAMETROS!$B$13))))>0)) -> 0 | L11: =K11+INT(H11/PARAMETROS!$B$14) -> 0 | M11: =IF(L11>0,"SI","NO") -> NO | N11: =IF(L11>0,"GENERAR ACTA (tipo según registro del generador)","SIN NOVEDAD") -> SIN NOVEDAD | O11: {=_xlfn.TEXTJOIN(", ",TRUE(),IF(((((((ASISTENCIA!D11:W11)<>"")*((ASISTENCIA!D11:W11)=0)))+((((((ASISTENCIA!D11:W11)="X")+((ASISTENCIA!D11:W11)="R")))*((NOTAS!$D$1:$W$1)<>"")*((NOTAS!D11:W11)="")))+((ISNUMBER(NOTAS!D11:W11)*((NOTAS!D11:W11)>=1)*((NOTAS!D11:W11)<PARAMETROS!$B$13))))>0),TEXT(ASISTENCIA!$D$1:$W$1,"DD/MM/YYYY"),""))}
A12: =APRENDICES!A12 -> 11 | B12: =APRENDICES!B12 -> 0 | C12: =APRENDICES!C12 -> 0 | D12: =APRENDICES!D12 -> 0 | E12: =COUNTIF(ASISTENCIA!D12:W12,"X") -> 0 | F12: =COUNTIF(ASISTENCIA!D12:W12,0) -> 0 | G12: =COUNTIF(ASISTENCIA!D12:W12,"E") -> 0 | H12: =COUNTIF(ASISTENCIA!D12:W12,"R") -> 0 | I12: =SUMPRODUCT((((((ASISTENCIA!D12:W12)="X")+((ASISTENCIA!D12:W12)="R")))*((NOTAS!$D$1:$W$1)<>"")*((NOTAS!D12:W12)=""))) -> 0 | J12: =SUMPRODUCT((ISNUMBER(NOTAS!D12:W12)*((NOTAS!D12:W12)>=1)*((NOTAS!D12:W12)<PARAMETROS!$B$13))) -> 0 | K12: =SUMPRODUCT(--((((((ASISTENCIA!D12:W12)<>"")*((ASISTENCIA!D12:W12)=0)))+((((((ASISTENCIA!D12:W12)="X")+((ASISTENCIA!D12:W12)="R")))*((NOTAS!$D$1:$W$1)<>"")*((NOTAS!D12:W12)="")))+((ISNUMBER(NOTAS!D12:W12)*((NOTAS!D12:W12)>=1)*((NOTAS!D12:W12)<PARAMETROS!$B$13))))>0)) -> 0 | L12: =K12+INT(H12/PARAMETROS!$B$14) -> 0 | M12: =IF(L12>0,"SI","NO") -> NO | N12: =IF(L12>0,"GENERAR ACTA (tipo según registro del generador)","SIN NOVEDAD") -> SIN NOVEDAD | O12: {=_xlfn.TEXTJOIN(", ",TRUE(),IF(((((((ASISTENCIA!D12:W12)<>"")*((ASISTENCIA!D12:W12)=0)))+((((((ASISTENCIA!D12:W12)="X")+((ASISTENCIA!D12:W12)="R")))*((NOTAS!$D$1:$W$1)<>"")*((NOTAS!D12:W12)="")))+((ISNUMBER(NOTAS!D12:W12)*((NOTAS!D12:W12)>=1)*((NOTAS!D12:W12)<PARAMETROS!$B$13))))>0),TEXT(ASISTENCIA!$D$1:$W$1,"DD/MM/YYYY"),""))}
A13: =APRENDICES!A13 -> 12 | B13: =APRENDICES!B13 -> 0 | C13: =APRENDICES!C13 -> 0 | D13: =APRENDICES!D13 -> 0 | E13: =COUNTIF(ASISTENCIA!D13:W13,"X") -> 0 | F13: =COUNTIF(ASISTENCIA!D13:W13,0) -> 0 | G13: =COUNTIF(ASISTENCIA!D13:W13,"E") -> 0 | H13: =COUNTIF(ASISTENCIA!D13:W13,"R") -> 0 | I13: =SUMPRODUCT((((((ASISTENCIA!D13:W13)="X")+((ASISTENCIA!D13:W13)="R")))*((NOTAS!$D$1:$W$1)<>"")*((NOTAS!D13:W13)=""))) -> 0 | J13: =SUMPRODUCT((ISNUMBER(NOTAS!D13:W13)*((NOTAS!D13:W13)>=1)*((NOTAS!D13:W13)<PARAMETROS!$B$13))) -> 0 | K13: =SUMPRODUCT(--((((((ASISTENCIA!D13:W13)<>"")*((ASISTENCIA!D13:W13)=0)))+((((((ASISTENCIA!D13:W13)="X")+((ASISTENCIA!D13:W13)="R")))*((NOTAS!$D$1:$W$1)<>"")*((NOTAS!D13:W13)="")))+((ISNUMBER(NOTAS!D13:W13)*((NOTAS!D13:W13)>=1)*((NOTAS!D13:W13)<PARAMETROS!$B$13))))>0)) -> 0 | L13: =K13+INT(H13/PARAMETROS!$B$14) -> 0 | M13: =IF(L13>0,"SI","NO") -> NO | N13: =IF(L13>0,"GENERAR ACTA (tipo según registro del generador)","SIN NOVEDAD") -> SIN NOVEDAD | O13: {=_xlfn.TEXTJOIN(", ",TRUE(),IF(((((((ASISTENCIA!D13:W13)<>"")*((ASISTENCIA!D13:W13)=0)))+((((((ASISTENCIA!D13:W13)="X")+((ASISTENCIA!D13:W13)="R")))*((NOTAS!$D$1:$W$1)<>"")*((NOTAS!D13:W13)="")))+((ISNUMBER(NOTAS!D13:W13)*((NOTAS!D13:W13)>=1)*((NOTAS!D13:W13)<PARAMETROS!$B$13))))>0),TEXT(ASISTENCIA!$D$1:$W$1,"DD/MM/YYYY"),""))}
... A41: =APRENDICES!A41 -> 40 | B41: =APRENDICES!B41 -> 0 | C41: =APRENDICES!C41 -> 0 | D41: =APRENDICES!D41 -> 0 | E41: =COUNTIF(ASISTENCIA!D41:W41,"X") -> 0 | F41: =COUNTIF(ASISTENCIA!D41:W41,0) -> 0 | G41: =COUNTIF(ASISTENCIA!D41:W41,"E") -> 0 | H41: =COUNTIF(ASISTENCIA!D41:W41,"R") -> 0 | I41: =SUMPRODUCT((((((ASISTENCIA!D41:W41)="X")+((ASISTENCIA!D41:W41)="R")))*((NOTAS!$D$1:$W$1)<>"")*((NOTAS!D41:W41)=""))) -> 0 | J41: =SUMPRODUCT((ISNUMBER(NOTAS!D41:W41)*((NOTAS!D41:W41)>=1)*((NOTAS!D41:W41)<PARAMETROS!$B$13))) -> 0 | K41: =SUMPRODUCT(--((((((ASISTENCIA!D41:W41)<>"")*((ASISTENCIA!D41:W41)=0)))+((((((ASISTENCIA!D41:W41)="X")+((ASISTENCIA!D41:W41)="R")))*((NOTAS!$D$1:$W$1)<>"")*((NOTAS!D41:W41)="")))+((ISNUMBER(NOTAS!D41:W41)*((NOTAS!D41:W41)>=1)*((NOTAS!D41:W41)<PARAMETROS!$B$13))))>0)) -> 0 | L41: =K41+INT(H41/PARAMETROS!$B$14) -> 0 | M41: =IF(L41>0,"SI","NO") -> NO | N41: =IF(L41>0,"GENERAR ACTA (tipo según registro del generador)","SIN NOVEDAD") -> SIN NOVEDAD | O41: {=_xlfn.TEXTJOIN(", ",TRUE(),IF(((((((ASISTENCIA!D41:W41)<>"")*((ASISTENCIA!D41:W41)=0)))+((((((ASISTENCIA!D41:W41)="X")+((ASISTENCIA!D41:W41)="R")))*((NOTAS!$D$1:$W$1)<>"")*((NOTAS!D41:W41)="")))+((ISNUMBER(NOTAS!D41:W41)*((NOTAS!D41:W41)>=1)*((NOTAS!D41:W41)<PARAMETROS!$B$13))))>0),TEXT(ASISTENCIA!$D$1:$W$1,"DD/MM/YYYY"),""))}

Sheet HISTORICO
A1: FECHA GENERACIÓN | B1: DOCUMENTO | C1: APRENDIZ | D1: TIPO DE MEDIDA | E1: MOTIVO | F1: No. ACTA | G1: ENVIADO AL APRENDIZ (SI/NO) | H1: FIRMADA (SI/NO) | I1: OBSERVACIONES

Sheet DESCRIPCIONES
A1: ACTIVIDAD | B1: DESCRIPCIÓN
A2: =NOTAS!D1
A3: =NOTAS!E1
A4: =NOTAS!F1
A5: =NOTAS!G1
A6: =NOTAS!H1
A7: =NOTAS!I1
A8: =NOTAS!J1
A9: =NOTAS!K1
A10: =NOTAS!L1
A11: =NOTAS!M1
A12: =NOTAS!N1
A13: =NOTAS!O1
A14: =NOTAS!P1
A15: =NOTAS!Q1
A16: =NOTAS!R1
A17: =NOTAS!S1
A18: =NOTAS!T1
A19: =NOTAS!U1
A20: =NOTAS!V1
A21: =NOTAS!W1
